# ü§π‚Äç‚ôÄÔ∏è **DML**

## ‚Åâ **Defini√ß√£o:**

- DML, ou Data Manipulation Language, √© uma linguagem utilizada para manipular dados em um banco de dados. Ela permite realizar opera√ß√µes de inser√ß√£o, atualiza√ß√£o, exclus√£o e recupera√ß√£o de dados.

## üë®‚Äçüíª **Principais Comandos DML:**

  - **SELECT:**
    O comando SELECT √© usado para recuperar dados de uma ou mais tabelas.

  - **INSERT:**
    O comando INSERT √© utilizado para adicionar novos registros a uma tabela.

  - **UPDATE:**
    O comando UPDATE permite modificar os dados existentes em uma tabela.

  - **DELETE:**
    O comando DELETE √© usado para remover registros de uma tabela.

## üë©‚Äçüè´ **Exemplos de Utiliza√ß√£o:**

  - **SELECT:**

    ```sql
    SELECT Nome, Idade FROM Clientes WHERE Cidade = 'S√£o Paulo';
    ```

  - **INSERT:**

    ```sql
    INSERT INTO Produtos (Nome, Preco) VALUES ('Notebook', 1499.99);
    ```

  - **UPDATE:**

    ```sql
    UPDATE Clientes SET Sobrenome = 'Silva' WHERE ClienteID = 1;
    ```

  - **DELETE:**

    ```sql
    DELETE FROM Pedidos WHERE NumeroPedido = 1001;
    ```

## üë©‚Äçüè´ **EXEMPLO PR√ÅTICO `UPDATE`:**

- `INSERT`

  - **Inser√ß√£o de Dados faz parte do DATA MANIPULATION LANGUAGE**

```SQL INPUT
INSERT INTO CLIENTE VALUES(NULL,'PAULA','M',NULL,'789456447');
INSERT INTO ENDERECO VALUES(NULL,'RUA JOAQUIM SILVA','ALVORADA','NITEROI','RJ',7);
```
```SQL OUTPUT
mysql> INSERT INTO CLIENTE VALUES(NULL,'PAULA','M',NULL,'789456447');
Query OK, 1 row affected (0.00 sec)

mysql> INSERT INTO ENDERECO VALUES(NULL,'RUA JOAQUIM SILVA','ALVORADA','NITEROI','RJ',7);
Query OK, 1 row affected (0.00 sec)
```

- `FILTROS`

  - **Filtragem e Subscri√ß√£o de Dados fazem parte do DATA MANIPULATION LANGUAGE**

```SQL INPUT
SELECT * FROM CLIENTE
WHERE SEXO = 'M';
```
```SQL OUTPUT
mysql> SELECT * FROM CLIENTE
    -> WHERE SEXO = 'M';
+-----------+--------+------+------------------+-------------+
| IDCLIENTE | NOME   | SEXO | EMAIL            | CPF         |
+-----------+--------+------+------------------+-------------+
|         1 | JOAO   | M    | JOAO@IG.COM.BR   | 12378945613 |
|         2 | CARLOS | M    | CARLOS@IG.COM.BR | 45612378956 |
|         5 | JORGE  | M    | JORGE@IG.COM.BR  | 75689412325 |
|         6 | CELIA  | M    | CELIA@IG.COM.BR  | 74896512325 |
|         7 | PAULA  | M    | NULL             | 789456447   |
+-----------+--------+------+------------------+-------------+
5 rows in set (0.00 sec)
```

- `CONFIRMANDO ID PARA ALTERA√á√ÉO`

- **Nunca fa√ßa um `UPDATE` de um registro sem fazer um SELECT (PROJETAR) da chave prim√°ria e seus respectivos dados
para assegurar a corre√ß√£o correta do registro desejado;**


  - PASSO 1:

```SQL INPUT
SELECT * FROM CLIENTE
WHERE IDCLIENTE = 7;
```
```SQL OUTPUT
mysql> SELECT * FROM CLIENTE
    -> WHERE IDCLIENTE = 7;
+-----------+-------+------+-------+-----------+
| IDCLIENTE | NOME  | SEXO | EMAIL | CPF       |
+-----------+-------+------+-------+-----------+
|         7 | PAULA | M    | NULL  | 789456447 |
+-----------+-------+------+-------+-----------+
1 row in set (0.00 sec)
```

- `UPDATE`

  - PASSO 2:

```SQL INPUT
UPDATE CLIENTE
SET SEXO = 'F'
WHERE IDCLIENTE = 7;
```
```SQL OUTPUT
mysql> UPDATE CLIENTE
    -> SET SEXO = 'F'
    -> WHERE IDCLIENTE = 7;
Query OK, 1 row affected (0.00 sec)
Rows matched: 1  Changed: 1  Warnings: 0
```

  - PASSO 3:

```SQL INPUT
SELECT * FROM CLIENTE
WHERE IDCLIENTE = '7';
```
```SQL OUTPUT
mysql> SELECT * FROM CLIENTE
    -> WHERE IDCLIENTE = '7';
+-----------+-------+------+-------+-----------+
| IDCLIENTE | NOME  | SEXO | EMAIL | CPF       |
+-----------+-------+------+-------+-----------+
|         7 | PAULA | F    | NULL  | 789456447 |
+-----------+-------+------+-------+-----------+
1 row in set (0.02 sec)
```

## üë©‚Äçüè´ **EXEMPLO PR√ÅTICO `DELETE`:**

- `INSERT`

```SQL INPUT
INSERT INTO CLIENTE VALUES(NULL,'XXX','M',NULL,'XX');
```
```SQL OUTPUT
mysql> INSERT INTO CLIENTE VALUES(NULL,'XXX','M',NULL,'XX');
Query OK, 1 row affected (0.00 sec)
```

- `SELECT`

```SQL INPUT
SELECT * FROM CLIENTE;
```
```SQL OUTPUT
mysql> SELECT * FROM CLIENTE;
+-----------+--------+------+------------------+-------------+
| IDCLIENTE | NOME   | SEXO | EMAIL            | CPF         |
+-----------+--------+------+------------------+-------------+
|         1 | JOAO   | M    | JOAO@IG.COM.BR   | 12378945613 |
|         2 | CARLOS | M    | CARLOS@IG.COM.BR | 45612378956 |
|         3 | ANA    | F    | ANA@IG.COM.BR    | 15975312312 |
|         4 | CLARA  | F    | NULL             | 14785236989 |
|         5 | JORGE  | M    | JORGE@IG.COM.BR  | 75689412325 |
|         6 | CELIA  | M    | CELIA@IG.COM.BR  | 74896512325 |
|         7 | PAULA  | F    | NULL             | 789456447   |
|         8 | XXX    | M    | NULL             | XX          |
+-----------+--------+------+------------------+-------------+
8 rows in set (0.00 sec)
```

- `CONFIRMANDO O ID DO REGISTRO A SER ALTERADO`

```SQL INPUT
SELECT * FROM CLIENTE
WHERE IDCLIENTE ='8';
```
```SQL OUTPUT
mysql> SELECT * FROM CLIENTE
    -> WHERE IDCLIENTE ='8';
+-----------+------+------+-------+------+
| IDCLIENTE | NOME | SEXO | EMAIL | CPF  |
+-----------+------+------+-------+------+
|         8 | XXX  | M    | NULL  | XX   |
+-----------+------+------+-------+------+
1 row in set (0.00 sec)
```

- `DELETANDO O REGISTRO DESEJADO, AP√ìS A CONFIRMA√á√ÉO DO ID DO MESMO`

```SQL INPUT
DELETE FROM CLIENTE
WHERE IDCLIENTE = 8;
```
```SQL OUTPUT
mysql> DELETE FROM CLIENTE
    -> WHERE IDCLIENTE = 8;
Query OK, 1 row affected (0.00 sec)
```

- `DANDO UM SELECT NO REGISTRO PARA CONFIRMAR A ALTERA√á√ÉO`

```SQL INPUT
SELECT * FROM CLIENTE;
```
```SQL OUTPUT
mysql> SELECT * FROM CLIENTE;
+-----------+--------+------+------------------+-------------+
| IDCLIENTE | NOME   | SEXO | EMAIL            | CPF         |
+-----------+--------+------+------------------+-------------+
|         1 | JOAO   | M    | JOAO@IG.COM.BR   | 12378945613 |
|         2 | CARLOS | M    | CARLOS@IG.COM.BR | 45612378956 |
|         3 | ANA    | F    | ANA@IG.COM.BR    | 15975312312 |
|         4 | CLARA  | F    | NULL             | 14785236989 |
|         5 | JORGE  | M    | JORGE@IG.COM.BR  | 75689412325 |
|         6 | CELIA  | M    | CELIA@IG.COM.BR  | 74896512325 |
|         7 | PAULA  | F    | NULL             | 789456447   |
+-----------+--------+------+------------------+-------------+
7 rows in set (0.00 sec)
```

## üîÅ **Transa√ß√µes:**

- As opera√ß√µes DML podem ser agrupadas em transa√ß√µes, garantindo que todas sejam executadas com sucesso ou nenhuma delas.

- **Commit e Rollback:**

  - **COMMIT:**
    Confirma as altera√ß√µes realizadas em uma transa√ß√£o.

  - **ROLLBACK:**
    Desfaz as altera√ß√µes em uma transa√ß√£o, revertendo para o estado anterior.


## ‚ö† **Import√¢ncia:**

- DML desempenha um papel crucial na manipula√ß√£o eficiente e precisa dos dados em um banco de dados, permitindo a intera√ß√£o com as informa√ß√µes armazenadas.

## üëÆ‚Äç‚ôÄÔ∏è **Seguran√ßa:**

  - O acesso a comandos DML pode ser controlado por meio de permiss√µes no banco de dados, garantindo seguran√ßa e integridade dos dados.

## ü§îüí≠ **Conclus√£o:**

  - DML √© fundamental para interagir dinamicamente com dados em um banco de dados, possibilitando a inser√ß√£o, atualiza√ß√£o, exclus√£o e recupera√ß√£o de informa√ß√µes conforme necess√°rio.